<UITemplate>

    <Style>

        style input {
            LayoutType = Stack;
            PreferredHeight = 1cnt;
            Border = 2px;
            BorderColor = black;
            BackgroundColor = white;
            Padding = 4px 8px;
            PreferredWidth = 1cnt;
            MinWidth = 20px;
            MarginBottom = 10px;
            Overflow = Hidden;
            ClipBounds = ContentBox;
        }

        style input-element-text {
            TextWhitespaceMode = NoWrap;
            MinHeight = 1em;
            AlignY = 50% ParentContentArea;
        }

        style placeholder-slot {
            PreferredHeight = 1cnt;
            AlignY = 50% ParentContentArea;
            AlignX = 0% ParentContentArea;
            TextColor = rgb(150, 150, 150);
        }

    </Style>

    <Contents style="input">

        <Text attr:id="input-element-text" style="input-element-text"/>

        <define:placeholder if="ShowPlaceholder" style="placeholder-slot">

            <Text attr:id="placeholder-text">{placeholder}</Text>

        </define:placeholder>

    </Contents>

</UITemplate>

