<UITemplate>
    <Style>

        const trackColor = #b2b2b2aa;

        style scrollview {
            Overflow = scroll;
            ClipBounds = ContentBox;
        }

        style scroll-track {
            BackgroundColor = @trackColor;
            BorderRadius = 3px;
            ClipBehavior = Skip;
        }

        style scroll-handle {
            BorderRadius = 50%;
            BackgroundColor = grey;
            ClipBehavior = Skip;
        }

    </Style>

    <Contents style="scrollview">

        <define:Children />

        <define:vertical-scrollbar if="verticalScrollingEnabled" style="scroll-track" mouse:click="OnClickVertical($event)"/>

        <define:vertical-scrollbar-handle if="verticalScrollingEnabled" style="scroll-handle" drag:create="OnCreateVerticalDrag($event)"/>
        
        <define:horizontal-scrollbar if="horizontalScrollingEnabled" style="scroll-track" mouse:click="OnClickHorizontal($event)"/>

        <define:horizontal-handle if="horizontalScrollingEnabled" style="scroll-handle" drag:create="OnCreateHorizontalDrag($event)"/>

    </Contents>
</UITemplate>